Card Name,Card Id,Source,Artist,Art Link 1,Art Link 2,Art Link 3,Notes,Note Link 1,Note Link 2,Note Link 3
"Kamohoali'i, the Carcharrack of the North Seas",787248,,Posuka Demizu,https://www.instagram.com/demizuposuka,https://twitter.com/demizuposuka,,,,,
"Ukupanipo, the Carcharrack of the South Seas",787249,,Posuka Demizu,https://www.instagram.com/demizuposuka,https://twitter.com/demizuposuka,,,,,
"Paka'a, the Carcharrack of the East Seas",787251,,Posuka Demizu,https://www.instagram.com/demizuposuka,https://twitter.com/demizuposuka,,,,,
"Haikili, the Carcharrack of the West Seas",787253,,Posuka Demizu,https://www.instagram.com/demizuposuka,https://twitter.com/demizuposuka,,,,,
"Kanaloa, the Ultimate Carcharrack",787258,,Posuka Demizu,https://www.instagram.com/demizuposuka,https://twitter.com/demizuposuka,,,,,
"Namaka, the Serene Carcharrack",787260,,Posuka Demizu,https://www.instagram.com/demizuposuka,https://twitter.com/demizuposuka,,,,,
Submerged City of the Carcharracks,787290,,Posuka Demizu,https://www.instagram.com/demizuposuka,https://twitter.com/demizuposuka,,,,,
Shark Ship & Strider Cycler,787295,,Posuka Demizu,https://www.instagram.com/demizuposuka,https://twitter.com/demizuposuka,,,,,
Savage Attack of the Carcharracks,787300,,Posuka Demizu,https://www.instagram.com/demizuposuka,https://twitter.com/demizuposuka,,,,,
Undersea Rescue of the Carcharracks,787304,,Posuka Demizu,https://www.instagram.com/demizuposuka,https://twitter.com/demizuposuka,,,,,
Predatory Maw of the Carcharracks,787307,,Posuka Demizu,https://www.instagram.com/demizuposuka,https://twitter.com/demizuposuka,,,,,
Wistful Memory of the Carcharracks,811734,,Posuka Demizu,https://www.instagram.com/demizuposuka,https://twitter.com/demizuposuka,,,,,
Ancient Deity of the Carcharracks,1208356,,Posuka Demizu,https://www.instagram.com/demizuposuka,https://twitter.com/demizuposuka,,,,,
"A Mercurian Angel, Shion",1389015,https://svgdb.me/cards/112841020,,,,,,,,
Earth Guard League - Akaranger,1621074,Himitsu Sentai Goranger,,,,,,,,
Earth Guard League - Kiranger,1621120,Himitsu Sentai Goranger,,,,,,,,
Earth Guard League - Momoranger,1621125,Himitsu Sentai Goranger,,,,,,,,
Earth Guard League - Midoranger,1621127,Himitsu Sentai Goranger,,,,,,,,
Goranger Storm,1621156,Himitsu Sentai Goranger,,,,,,,,
Goranger Hurricane,1621179,Himitsu Sentai Goranger,,,,,,,,
Gorangers' Birdies,1621202,Himitsu Sentai Goranger,,,,,,,,
Gorangers' Varidreen,1621208,Himitsu Sentai Goranger,,,,,,,,
Gorangers' Variblune,1621210,Himitsu Sentai Goranger,,,,,,,,
Goranger Cassiopeia Power,1621223,Himitsu Sentai Goranger,,,,,,,,
Rooftop Inu,1642313,"https://buddyfight.fandom.com/wiki/Battle_Dog_Under_the_Moon,_Nindog",O-G Osahune,https://twitter.com/jing56,https://skeb.jp/@jing56,,,,,
Mind Layer One,1649630,https://www.deviantart.com/wickedalucard/art/Armazi-sketch-782110418,wickedalucard,https://www.deviantart.com/wickedalucard,,,,,,
Mind Layer Two,1649642,https://www.deviantart.com/wickedalucard/art/Alfine-sketch-783709147,wickedalucard,https://www.deviantart.com/wickedalucard,,,,,,
Mind Layer Four,1649662,https://www.deviantart.com/wickedalucard/art/The-Trickster-sketch-782401680,wickedalucard,https://www.deviantart.com/wickedalucard,,,,,,
Mind Layer Five,1649669,https://www.deviantart.com/wickedalucard/art/Yda-sketch-760756948,wickedalucard,https://www.deviantart.com/wickedalucard,,,,,,
Mind Layer Six,1649992,https://www.deviantart.com/wickedalucard/art/Meeba-sketch-745356099,wickedalucard,https://www.deviantart.com/wickedalucard,,,,,,
Mind Layer Three,1650019,https://www.deviantart.com/wickedalucard/art/Kei-sketch-788600015,wickedalucard,https://www.deviantart.com/wickedalucard,,,,,,
Mind Layer Utopics,1650087,https://sv.bagoum.com/cards/900012010,,,,,,,,
Radical King,1725670,"https://duelmasters.fandom.com/wiki/Overborder,_the_Holy_Protector_Brave",Ittoku,https://ittoku-art.tumblr.com/,https://twitter.com/ittoku_art,,,,,
Radical Bro,1725672,"https://duelmasters.fandom.com/wiki/Skyrab,_the_Reckless_Brat",Ittoku,https://ittoku-art.tumblr.com/,https://twitter.com/ittoku_art,,,,,
Earth Guard League - Aoranger,1729472,Himitsu Sentai Goranger,,,,,,,,
Absolutely Dazzling!,1743544,https://svgdb.me/cards/117724010,,,,,,,,
Acrimonic Draconem,1753436,https://svgdb.me/cards/101424010,,,,,,,,
Acrimonic Capra,1753447,https://svgdb.me/cards/100614020,,,,,,,,
Acrimonic Cirsium,1753523,https://svgdb.me/cards/108441010,,,,,,,,
Acrimonic Catafalque,1753593,https://svgdb.me/cards/108511020,,,,,,,,
Acrimonic Apollyon,1753661,https://svgdb.me/cards/102411060,,,,,,,,
Acrimonic Gehenna,1759169,https://svgdb.me/cards/100414030,,,,,,,,
Acrimonic Anima,1759240,https://svgdb.me/cards/900541110,,,,,,,,
Acrimonic Chiroptera,1759293,https://svgdb.me/cards/900611010,,,,,,,,
Acrimonic Coelum,1759323,https://svgdb.me/cards/102121030,,,,,,,,
"Kuula, the Carcharrack of the Cross-Currents",1845296,,Posuka Demizu,https://www.instagram.com/demizuposuka,https://twitter.com/demizuposuka,,,,,
Rooftop Inu (Alt Art),1940268,"https://buddyfight.fandom.com/wiki/Like_the_Wind,_Nindog",O-G Osahune,https://twitter.com/jing56,https://skeb.jp/@jing56,,,,,
A Cast of Harpie Ladies,1986484,https://www.cardmaker.net/forums/topic/372869-hysteric-rampage-harping-on-is-fun-to-do/,BD'Sceptre,https://www.deviantart.com/bdsceptyr,https://www.instagram.com/bdsceptyr/,,,,,
Mind Layer Blaze,2204081,,wickedalucard,https://www.deviantart.com/wickedalucard,,,,,,
Mind Layer Breeze,2204088,https://www.deviantart.com/wickedalucard/art/Cu-Chulainn-Alter-748485169,wickedalucard,https://www.deviantart.com/wickedalucard,,,,,,
Mind Layer Brawn,2204099,https://www.deviantart.com/wickedalucard/art/Child-of-the-Daystar-sketch-789567022,wickedalucard,https://www.deviantart.com/wickedalucard,,,,,,
Mind Layer Force,2205090,https://www.deviantart.com/wickedalucard/art/Dogma-846328888,wickedalucard,https://www.deviantart.com/wickedalucard,,,,,,
A Song to Send Them Off,2219328,https://skeb.jp/@aritsuno/works/9,aritsuno,https://skeb.jp/@aritsuno,,,,,,
Mind Layer Seven,2220582,https://www.deviantart.com/wickedalucard/art/Oz-sketch-826710725,wickedalucard,https://www.deviantart.com/wickedalucard,,,,,,
Mind Layer Eight,2220607,https://www.deviantart.com/wickedalucard/art/Sia-tan-sketch-829285729,wickedalucard,https://www.deviantart.com/wickedalucard,,,,,,
Tragic Defeat of the Carcharracks,2250290,https://www.instagram.com/p/CNJizTUjkGU/,Posuka Demizu,https://www.instagram.com/demizuposuka,https://twitter.com/demizuposuka,,,,,
Elusive Dashing Techniques,2273799,https://buddyfight.fandom.com/wiki/Nindog,O-G Osahune,https://twitter.com/jing56,https://skeb.jp/@jing56,,,,,
"A Greater Hero, Jing Xi",2283592,May be a Mobile MOBA character,,,,,,,,
"A Fan of Yours, T'Rewli",2283652,Shadowverse (unconfirmed),,,,,,,,
If I Could Save Time,2390296,https://www.instagram.com/p/BrvzldBB66T/,Posuka Demizu,https://www.instagram.com/demizuposuka,https://twitter.com/demizuposuka,,,,,
Sentai Gear #37: Kyoryuger,2427164,Kikai Sentai Zenkaiger,,,,,Placed translucent image of the Sentai Gear from Rangerwiki over background from sponsor screen in the show.,,,
Sentai Gear #03: Battle Fever J,2427289,https://static.wikia.nocookie.net/powerrangers/images/7/72/KSZe-Battle_Fever_Gear.png/revision/latest/scale-to-width-down/150?cb=20210606012401,,,,,Placed translucent image of the Sentai Gear from Rangerwiki over background from sponsor screen in the show.,,,
Sentai Gear #12: Liveman,2427303,https://static.wikia.nocookie.net/powerrangers/images/7/71/KSZe-Liveman_Gear.png/revision/latest/scale-to-width-down/150?cb=20210606012722,,,,,Placed translucent image of the Sentai Gear from Rangerwiki over background from sponsor screen in the show.,,,
Sentai Gear #42: Lupinranger/Patranger,2541943,https://static.wikia.nocookie.net/powerrangers/images/1/12/KSZe-Lupinranger_Gear.png/revision/latest/scale-to-width-down/150?cb=20220220055009,,,,,Placed translucent image of the Sentai Gear from Rangerwiki over background from sponsor screen in the show. Merged with this image.,this image: https://static.wikia.nocookie.net/powerrangers/images/b/bd/KSZe-Patranger_Gear.png/revision/latest/scale-to-width-down/150?cb=20220109033216,,
Sentai Gear #05: Sun Vulkan,2542239,https://static.wikia.nocookie.net/powerrangers/images/6/6e/KSZe-Sun_Vulcan_Gear.png/revision/latest/scale-to-width-down/150?cb=20210627011216,,,,,Placed translucent image of the Sentai Gear from Rangerwiki over background from sponsor screen in the show.,,,
Sentai Gear #08: Bioman,2554589,https://static.wikia.nocookie.net/powerrangers/images/9/9f/KSZe-Bioman_Gear.png/revision/latest/scale-to-width-down/150?cb=20210801012102,,,,,Placed translucent image of the Sentai Gear from Rangerwiki over background from sponsor screen in the show.,,,
Scouting Inu,2555552,https://buddyfight.fandom.com/wiki/Art_of_Speedrun,ReiS,https://twitter.com/reis94618,,,Border extended using NVIDIA's inpainting demo.,NVIDIA's inpainting demo: https://www.nvidia.com/research/inpainting/,,
Ascended Inu,2555622,"https://buddyfight.fandom.com/wiki/Awakened_Deity_Dragon,_Gardog/Gallery",O-G Osahune,https://twitter.com/jing56,https://skeb.jp/@jing56,,,,,
Inumerization,2555626,"https://buddyfight.fandom.com/wiki/Transmitter_Magic,_Magidog",O-G Osahune,https://twitter.com/jing56,https://skeb.jp/@jing56,,,,,
Invoking Inu,2555628,"https://buddyfight.fandom.com/wiki/Superior_Magic,_Magidog",O-G Osahune,https://twitter.com/jing56,https://skeb.jp/@jing56,,,,,
Apprentice Inu,2555671,https://buddyfight.fandom.com/wiki/Magidog/Gallery,O-G Osahune,https://twitter.com/jing56,https://skeb.jp/@jing56,,,,,
Art of Persistence,2555808,"https://buddyfight.fandom.com/wiki/Deity_Dragon_Blade,_Garkunai",ウハつら,https://buddyfight.fandom.com/wiki/Category:%E3%82%A6%E3%83%8F%E3%81%A4%E3%82%89,,,Generated a full art using NVIDIA's inpainting demo.,NVIDIA's inpainting demo: https://www.nvidia.com/research/inpainting/,,
Resolute Inu,2556543,https://buddyfight.fandom.com/wiki/Gardog,O-G Osahune,https://twitter.com/jing56,https://skeb.jp/@jing56,,,,,
Peace and Comfort,2556549,https://buddyfight.fandom.com/wiki/Gardog_In_the_Sunlight_Forest,O-G Osahune,https://twitter.com/jing56,https://skeb.jp/@jing56,,,,,
"Seelon, the Last Fairy",2562558,Super Sentai Series,,,,,Kosoku Sentai Turboranger,,,
Denzi Punch,2571993,Super Sentai Series,,,,,Denshi Sentai Denziman,,,
EDF Strike Machine - Change Robo,2573157,Super Sentai Series,,,,,Dengeki Sentai Changeman,,,
Goggle Robo,2585645,Super Sentai Series,,,,,Dai Sentai Goggle V,,,
Uncharted Shipwreck,2587013,,Posuka Demizu,https://www.instagram.com/demizuposuka,https://twitter.com/demizuposuka,,,,,
Aura Machine - Land Galaxy,2624034,Super Sentai Series,,,,,Hikari Sentai Maskman,,,
Aura Machine - Galaxy Robo,2624044,Super Sentai Series,,,,,Hikari Sentai Maskman,,,
Gattai! Five Cross!,2624120,Super Sentai Series,,,,,Hikari Sentai Maskman,,,
Astute Examination,2647091,https://www.artstation.com/artwork/JlnK50,Esben Lash Rasmussen,https://www.artstation.com/lash,,,,,,
Power of the Fae,2652541,Super Sentai Series,,,,,Kosoku Sentai Turboranger. MODIFIED: Merged 2 screenshots together to get clear view of Laika and the constellation.,,,
Saint Beast Laika,2652591,Super Sentai Series,,,,,Kosoku Sentai Turboranger,,,
Sentai Gear #07 Dynaman,2671595,https://static.wikia.nocookie.net/powerrangers/images/d/db/KSZe-Dynaman_Gear.png/revision/latest/scale-to-width-down/150?cb=20210919011137,,,,,Placed translucent image of the Sentai Gear from Rangerwiki over background from sponsor screen in the show.,,,
Goranger Charge,2688882,Himitsu Sentai Goranger,,,,,,,,
Gorangers' Varitank,2691140,Himitsu Sentai Goranger,,,,,,,,
New Goranger Machines,2691144,Himitsu Sentai Goranger,,,,,,,,
Gorangers' Varikikyun,2691597,Himitsu Sentai Goranger,,,,,,,,
Xöryne Feuerozen,2699143,https://m.facebook.com/valkyrieconnect.ateam/posts/1784389261737903,,,,,,,,
Xöryne Eisbetrac,2699146,https://garm.ml/hero/305021,,,,,,,,
Xöryne Lichtbar,2699151,https://www.facebook.com/valkyrieconnect.ateam/photos/a.701010413409132/1843562229153939/,,,,,,,,
Xöryne Klauensprig,2699154,https://www.facebook.com/VConnect.Indo/photos/flame-wolf-skollmelee-therian-grounded-shadowclone-for-3-turn-to-3-front-allies-/966207347200650/,,,,,,,,
Xöryne Drachenzär,2699165,https://mobile.twitter.com/vconnect_jp/status/1112474650850652161,,,,,,,,
Xöryne Weihrauch,2699240,https://garm.ml/hero/305019,,,,,,,,
Xöryne Mondangre,2699243,https://garm.ml/hero/201039,,,,,,,,
Xöryne Famorga,2699251,https://garm.ml/hero/201039,,,,,,,,
Xöryne Todesaut,2704025,http://aminoapps.com/p/vyqe4f,,,,,,,,
Xöryne Osmische,2704033,https://www.fowdb.altervista.org/card/MPR-090SR,,,,,,,,
Solitary Sentry,2787411,https://www.artstation.com/artwork/nzAgr,Sina Pakzad Kasra,https://www.artstation.com/sinakasra,,,Artwork was darkened and cropped.,,,
Selective Séance,2793652,https://elderscroller.artstation.com/projects/4LBBL,Markus Stadlober,https://elderscroller.artstation.com/,,,"Art was edited slightly, giving it more shadows around the edges, a warmer tone, and cropping it to fit a card frame.",,,
Sentai Gear #30: Boukenger,2800282,https://static.wikia.nocookie.net/powerrangers/images/a/a4/KSZe-Boukenger_Gear.png/revision/latest/scale-to-width-down/150?cb=20211031012706,,,,,Placed translucent image of the Sentai Gear from Rangerwiki over background from sponsor screen in the show.,,,
Dark Life,2805369,https://www.deviantart.com/ventuargames/art/Dark-Alleyway-751356756,Ventuargames,https://www.deviantart.com/ventuargames,,,"Artwork was cropped, darkened and given more colour.",,,
Lord of the Deafening Heights,2807414,https://www.angelarium.net/turiel-angel-of-the-mountain,Peter Mohrbacher,https://www.angelarium.net/about,,,Artwork was cropped and brightened.,,,
Never Tell Me The Chances!,2811728,https://www.deviantart.com/saraforlenza/art/Gambling-den-574559753,SaraForlenza,https://www.deviantart.com/saraforlenza,,,Artwork was cropped and darkened.,,,
Aurora Paladin,2814767,https://www.weasyl.com/~rileyomalley/submissions/496586/color-palette-rainbow-knight,Riley O'Malley,https://www.weasyl.com/~rileyomalley,https://twitter.com/TheRileyOMalley,https://rileyomalley.tumblr.com/,Artwork was cropped and colours were made more vibrant.,,,
Sentai Gear #29: Magiranger,2831362,https://static.wikia.nocookie.net/powerrangers/images/e/e9/KSZe-Magiranger_Gear.png/revision/latest/scale-to-width-down/150?cb=20211128020649,,,,,Placed translucent image of the Sentai Gear from Rangerwiki over background from sponsor screen in the show.,,,
Xöryne Vorneilen,2841541,https://xn--cckp5c6czi2302avwxa.gamematome.jp/game/964/wiki/%E3%82%AD%E3%83%A3%E3%83%A9%E3%82%AF%E3%82%BF%E3%83%BC%E6%83%85%E5%A0%B1_No.201~300_%EF%BC%BB%E6%A5%AD%E7%81%AB%E3%81%AE%E5%A4%A7%E5%A4%A9%E4%BD%BF%EF%BC%BD%20%E3%83%9F%E3%82%AB%E3%82%A8%E3%83%AB,,,,,,,,
Xöryne Heilibündnis,2863736,https://www.facebook.com/valkyrieconnect.ateam/photos/the-new-vindicator-seraphel-is-here-%CF%83%CE%B5%EF%BD%8Fwere-you-able-to-add-her-to-your-collecti/1734922526684577/?_rdr,,,,,,,,
Xöryne Genizurük,2863793,Valkyrie Connect (unconfirmed),,,,,,,,
Xöryne Strahlemond,2863904,https://grandchase.fandom.com/wiki/Lapis,,,,,,,,
MoGyuuDaiOh,2934292,Super Sentai Series,,,,,Samurai Sentai Shinkenger,,,
Gattai! Scram Wing!,2978734,Super Sentai Series,,,,,Chojin Sentai Jetman,,,
Infernoble Armswoman,3120033,https://www.deviantart.com/cherrykagura0w0/art/CM-Phoenix-899260460,CherryKagura0w0,https://www.deviantart.com/cherrykagura0w0/,,,,,,
Lovely Taddy,3128396,https://www.deviantart.com/mevsy/art/Lovely-Taddy-913590602,Mevs,https://www.deviantart.com/mevsy,,,,,,
"Ivory-Clad Proposer, Panera",2258346,,prp_z,https://twitter.com/prp_z,,,,,,
"Joyful Gift-Giver, Panera",2422925,,prp_z,https://twitter.com/prp_z,,,,,,
"Ringmaster-In-Training, Panera",2258333,,prp_z,https://twitter.com/prp_z,,,,,,
Starbreeze Ringmaster's Coronation!,2429549,,prp_z,https://twitter.com/prp_z,,,,,,
Starbreeze Ringmaster’s Selection!,2417757,,prp_z,https://twitter.com/prp_z,,,,,,
Starbreeze Wedding Hoop!,2258338,,prp_z,https://twitter.com/prp_z,,,,,,
Starbreeze Beast-Tamer's Grand Entrance!,2417736,,prp_z,https://twitter.com/prp_z,,,,,,
Starbreeze Beast-Tamer’s Purplish Pastel!,2429571,,prp_z,https://twitter.com/prp_z,,,,,,
Starbreeze Partnership!,2417734,,prp_z,https://twitter.com/prp_z,,,,,,
"Panera Carnivale, Starbreeze Showstopper",2417774,,prp_z,https://twitter.com/prp_z,,,,,,
Panera The Dazzling Ringmaster,2447086,,prp_z,https://twitter.com/prp_z,,,,,,
Panera the Yuletide Coordinator,2417751,,prp_z,https://twitter.com/prp_z,,,,,,
"Panera & Zela, Romantic Whitewind Brides",2422849,,prp_z,https://twitter.com/prp_z,,,,,,
Panera The Beachside Enjoyer,1999462,,prp_z,https://twitter.com/prp_z,,,,,,
Selective Séance,2793652,,Markus Stadlober,https://elderscroller.artstation.com/,,,,,,
Aurora Paladin,2814767,https://www.weasyl.com/~rileyomalley/submissions/496586/color-palette-rainbow-knight,Riley O'Malley,https://www.weasyl.com/~rileyomalley,,,,,,
Dark Life,2805369,https://www.deviantart.com/ventuargames/art/Dark-Alleyway-751356756,Ventuargames,https://www.deviantart.com/ventuargames,,,,,,
Lord of the Deafening Heights,2807414,https://www.angelarium.net/turiel-angel-of-the-mountain,Mohr Bacher,https://www.angelarium.net/about,,,,,,
Never Tell Me The Chances!,2811728,https://www.deviantart.com/saraforlenza/art/Gambling-den-574559753,SaraForlenza,https://www.deviantart.com/saraforlenza,,,,,,
Solitary Sentry,2787411,https://www.artstation.com/artwork/nzAgr,Sina Pakzad Kasra,https://www.artstation.com/sinakasra,,,,,,
Insectoid of the Endless Sands,1333022,https://www.deviantart.com/mingrutu/art/A-monster-264640548,mingrutu,https://www.deviantart.com/mingrutu,,,,,,
"Amphisbanea, Nightmare of the Endless Sands",1333077,https://www.deviantart.com/mictones/art/Amphisbaena-SuperRare-315830308,mictones,https://www.deviantart.com/mictones,,,,,,
Skyraptor Silverwind Shocker,2227020,https://botm.fandom.com/wiki/Raul_Ramos?file=Voa_Art.jpg,Raul Ramos,https://www.artstation.com/raulramosart,,,,,,
Skyraptor Song,2226992,https://emilywilloughby.com/art/gallery/paleoart/balaur-bondoc-is-a-bird,Emily Willoughby,https://emilywilloughby.com/,,,,,,
Skyraptor Soar,2226985,https://emilywilloughby.com/art/gallery/paleoart/the-velociraptor-hunting-dance,Emily Willoughby,https://emilywilloughby.com/,,,,,,
Skyraptor Swift,2226975,https://emilywilloughby.com/art/gallery/paleoart/eosinopteryx,Emily Willoughby,https://emilywilloughby.com/,,,,,,
Skyraptor Soul,2226968,https://botm.fandom.com/wiki/Balaur_bondoc/Gallery?file=Bb_Art.jpg,Jonathan Kuo,https://www.artstation.com/jonnadon,,,,,,
Skyraptor Secondwind Squaller,2227013,https://www.artstation.com/artwork/nZkGE,Jonathan Kuo,https://www.artstation.com/jonnadon,,,,,,
Skyraptor Slipstream,2227003,https://www.artstation.com/artwork/aELQ9,Jonathan Kuo,https://www.artstation.com/jonnadon,,,,,,
Skyraptor Snatch,2226980,https://www.artstation.com/artwork/WNARX,Junaidi Lim,https://www.artstation.com/junaidilim,,,,,,
Skyraptor Citadel,2226997,https://www.sciencephoto.com/media/473207/view/jurassic-dinosaurs-artwork,National History Museum (?),https://www.sciencephoto.com/media/473207/view/jurassic-dinosaurs-artwork,,,,,,
Skyraptor Spirit,2226972,https://gatherer.wizards.com/pages/card/Details.aspx?multiverseid=435359,Ryan Pancoast,https://www.ryanpancoast.com/,,,,,,
Skyraptor Seize,2226984,https://www.artstation.com/artwork/6zzPV,Jaemin Kim,https://www.artstation.com/jaem,,,,,,
Skyraptor Silkwind Searcher,2227023,https://twitter.com/MarkWitton/status/845259446716710912/photo/1,Mark Witton,https://twitter.com/MarkWitton/,,,,,,
Skyraptor Slumber,2227001,https://www.artstation.com/artwork/1QDN8,Raph Herrera Lomotan,https://www.artstation.com/raphlomotan,,,,,,
Skyraptor Surewind Screamer,2227017,https://www.artstation.com/artwork/vdO4E,Raph Herrera Lomotan,https://www.artstation.com/raphlomotan,,,,,,
Skyraptor Swerve,2227008,https://www.deviantart.com/atrox1/art/Forest-hunter-fragment-185504666,Sergey Krasovskiy,https://www.deviantart.com/atrox1,,,,,,
Skyraptor Sentience,2226987,http://novataxa.blogspot.com/2018/01/caihong.html,Zhao Chuang,https://twitter.com/pnsozcyy,,,,,,
Skyraptor Spiral,2226989,https://www.artstation.com/artwork/kyB6K,JuWoong J,https://www.artstation.com/juwoong,,,,,,
Skyraptor Solidwind Stalker,2227028,https://www.reddit.com/r/btd6/comments/iblcvb/i_drew_grand_saboteur_ninja/,_Concilliabule_,https://www.reddit.com/user/_Concilliabule_/,,,,,,
Ninja of Popping Prowess - Grand Saboteur,3042121,https://www.reddit.com/r/btd6/comments/hkotzz/i_drew_the_grandmaster_ninja_0/,_Concilliabule_,https://www.reddit.com/user/_Concilliabule_/,,,,,,
Ninja of Popping Prowess - Grandmaster,3042849,https://www.deviantart.com/notyoursagittarius/art/BTD5-Wave-85-401918460,NotYourSagittarius,https://www.deviantart.com/notyoursagittarius,,,,,,
Supermega Turtle - Starbuster,2853810,https://twitter.com/nurikabenuri/status/1433371262454165507/photo/2,nurikabenuri,https://twitter.com/nurikabenuri,,,,,,
Supermega Turtle - Waset-Thebes,2228361,https://gemy.artstation.com/projects/LyKvP,Mohammad Gamal,https://gemy.artstation.com,,,,,,
Supermega Turtle - Lānaʻi,2228347,https://www.artstation.com/artwork/beK8n,Roger Creus Dorico,https://www.artstation.com/rowye,,,,,,
Supermega Turtle - Eltz Castle,2229831,https://www.artstation.com/artwork/OyoaJv,Chris Ogden|Contempest_Art,https://mobile.twitter.com/hashtag/aspidochelone?src=hash,https://www.artstation.com/contempest,,,,,
Cyber Hybrid,1990045,https://cardfight.fandom.com/wiki/Phantom_Blaster_Overlord,NINNIN,,,,,,,
Cyberdark Drake,1993288,https://yugipedia.com/wiki/Degenerate_Circuit,,https://ms.yugipedia.com//7/74/DegenerateCircuit-MADU-EN-VG-artwork.png,,,,,,
Artifact Gungnir,1037306,https://yugipedia.com/wiki/Artifact_Lancea,,https://ms.yugipedia.com//2/29/ArtifactLancea-MADU-EN-VG-artwork.png,,,,,,
Artifact Pinaka,2088364,https://yugipedia.com/wiki/Artifact_Failnaught,,https://ms.yugipedia.com//f/f5/ArtifactFailnaught-MADU-EN-VG-artwork.png,,,,,,
Artifact Chrysaor,1037312,https://yugipedia.com/wiki/Artifact_Beagalltach,,https://ms.yugipedia.com//c/cd/ArtifactBeagalltach-MADU-EN-VG-artwork.png,,,,,,
Artifact Tonbogiri,1037304,https://yugipedia.com/wiki/Artifact_Ignition,,https://ms.yugipedia.com//8/83/ArtifactIgnition-MADU-EN-VG-artwork.png,,,,,,
Artifact Ame-No-Nuboku,1731744,https://yugipedia.com/wiki/Artifact_Labrys,,https://ms.yugipedia.com//8/8d/ArtifactLabrys-MADU-EN-VG-artwork.png,,,,,,
"Captain of Lemuria, Sotirio The Devoted",2067845,"https://cardfight.fandom.com/wiki/Silent_Ripple,_Sotirio",藤ちょこ,,,,,,,
Displacement Eradicator,1820196,https://svgdb.me/cards/112821020,,,,,,,,
Dr. Faust,1582197,https://svgdb.me/cards/110831010,,,,,,,,
Tacticore Alpha,1583474,https://svgdb.me/cards/112822010,,,,,,,,
"Mephisto Manifested, Ms. Faust",1637392,https://svgdb.me/cards/110321010,,,,,,,,
Fog the Jam,2297038,https://yugipedia.com/wiki/Slime_Toad,,https://ms.yugipedia.com//c/c4/SlimeToad-MADU-EN-VG-artwork.png,,,,,,
One with Nothing,1701943,https://gatherer.wizards.com/Pages/Card/Details.aspx?multiverseid=88817,Jim Nelson,http://www.jnelsonstudio.com/,,,,,,
Dark Scorpion Ambush,2685902,"Yu-Gi-Oh! GX anime episode 39, ~14:06",,,,,,,,
Dark Scorpion - Cage of Thorns,2685834,https://yugipedia.com/wiki/Dark_Scorpion_-_Tragedy_of_Love,,https://ms.yugipedia.com//9/9d/DarkScorpionTragedyofLove-OW.png,,,,,,
Dark Scorpion Hidden Passage,2685879,https://yugipedia.com/wiki/Hidden_Passage,,https://ms.yugipedia.com//e/ef/HiddenPassage-OW.png,,,,,,